<?xml version="1.0" encoding="UTF-8"?>
<!DOCTYPE mapper
        PUBLIC "-//mybatis.org//DTD Mapper 3.0//EN"
        "http://mybatis.org/dtd/mybatis-3-mapper.dtd">
<mapper namespace="com.springboot.demo.dao.AreaDao">
    <select id="queryArea" resultType="com.springboot.demo.entity.Area">
         select * from t_area order by priority desc
    </select>
    <select id="queryAreaById" resultType="com.springboot.demo.entity.Area">
        select * from t_area where area_id =#{areaID}
    </select>
    <insert id="insertArea" useGeneratedKeys="true" keyProperty="areaId" keyColumn="area_id" parameterType="com.springboot.demo.entity.Area">
        insert into t_area (area_name,priority,create_time,update_time) values (#{areaName},#{priority},#{createTime},#{updateTime})
    </insert>
    <update id="updateArea" parameterType="com.springboot.demo.entity.Area">
        update t_area
        <set>
            <if test="areaName!=null">area_name=#{areaName},</if>
            <if test="priority!=null">priority=#{priority},</if>
            <if test="updateTime!=null">update_time=#{updateTime}</if>
        </set>
        where area_id=#{areaId}
    </update>
    <delete id="deleteArea">
        delete from t_area where area_id=#{areaId}
    </delete>

</mapper>